{
	"info": {
		"_postman_id": "80efbf6b-8efc-41d0-937b-75defb73f691",
		"name": "metricsystem-json",
		"schema": "https://schema.getpostman.com/json/collection/v2.1.0/collection.json",
		"_exporter_id": "15653602"
	},
	"item": [
		{
			"name": "Area",
			"protocolProfileBehavior": {
				"disableBodyPruning": true
			},
			"request": {
				"method": "GET",
				"header": [
					{
						"key": "Authorization",
						"type": "text",
						"value": "Bearer eyJhbGciOiJIUzUxMiJ9.eyJzdWIiOiJyYXZpIiwiZXhwIjoxNjA3NTEyMTY5LCJpYXQiOjE2MDc1MDg1Njl9.J1JCtsX_bN7Sz3gDrN9VK38iRqHwcsaO3yTYJA_-OqEre7MeUjl_asmp0DX6KBkqKpUGOQK8SH_qj-d-5ZeRlQ Session eyJhbGciOiJIUzUxMiJ9.eyJzdWIiOiJyYXZpIiwiZXhwIjoxNjA3NTEyMTY5LCJpYXQiOjE2MDc1MDg1Njl9.J1JCtsX_bN7Sz3gDrN9VK38iRqHwcsaO3yTYJA_-OqEre7MeUjl_asmp0DX6KBkqKpUGOQK8SH_qj-d-5ZeRlQ"
					},
					{
						"key": "Cookie",
						"type": "text",
						"value": "eyJhbGciOiJIUzUxMiJ9.eyJzdWIiOiJ0cmV2IiwiZXhwIjoxNTk4ODY3MzA1LCJpYXQiOjE1OTg4NjcwMDV9.JZ-AnhbKPgGt9KTaysUcWR-8kMGBvCQ_c0CPkplIsVPqRVA1aXru54EP53zABEhSiPKNpKbGULpBZyi3ebc9Mw",
						"disabled": true
					},
					{
						"key": "Content-Type",
						"name": "Content-Type",
						"type": "text",
						"value": "application/json"
					}
				],
				"body": {
					"mode": "raw",
					"raw": "\n\t[\n\t\t\t\t\t\t\t\"+27727786946\"\n\t\t\t\t\t\t]\n"
				},
				"url": {
					"raw": "http://localhost:8080/convert/20/imperial/area",
					"protocol": "http",
					"host": [
						"localhost"
					],
					"port": "8080",
					"path": [
						"convert",
						"20",
						"imperial",
						"area"
					]
				},
				"description": "Converts Mile to Kilometer"
			},
			"response": []
		},
		{
			"name": "Length",
			"protocolProfileBehavior": {
				"disableBodyPruning": true
			},
			"request": {
				"method": "GET",
				"header": [
					{
						"key": "Authorization",
						"type": "text",
						"value": "Bearer eyJhbGciOiJIUzUxMiJ9.eyJzdWIiOiJyYXZpIiwiZXhwIjoxNjA3NTEyMTY5LCJpYXQiOjE2MDc1MDg1Njl9.J1JCtsX_bN7Sz3gDrN9VK38iRqHwcsaO3yTYJA_-OqEre7MeUjl_asmp0DX6KBkqKpUGOQK8SH_qj-d-5ZeRlQ Session eyJhbGciOiJIUzUxMiJ9.eyJzdWIiOiJyYXZpIiwiZXhwIjoxNjA3NTEyMTY5LCJpYXQiOjE2MDc1MDg1Njl9.J1JCtsX_bN7Sz3gDrN9VK38iRqHwcsaO3yTYJA_-OqEre7MeUjl_asmp0DX6KBkqKpUGOQK8SH_qj-d-5ZeRlQ"
					},
					{
						"key": "Cookie",
						"type": "text",
						"value": "eyJhbGciOiJIUzUxMiJ9.eyJzdWIiOiJ0cmV2IiwiZXhwIjoxNTk4ODY3MzA1LCJpYXQiOjE1OTg4NjcwMDV9.JZ-AnhbKPgGt9KTaysUcWR-8kMGBvCQ_c0CPkplIsVPqRVA1aXru54EP53zABEhSiPKNpKbGULpBZyi3ebc9Mw",
						"disabled": true
					},
					{
						"key": "Content-Type",
						"name": "Content-Type",
						"type": "text",
						"value": "application/json"
					}
				],
				"body": {
					"mode": "raw",
					"raw": "\n\t[\n\t\t\t\t\t\t\t\"+27727786946\"\n\t\t\t\t\t\t]\n"
				},
				"url": {
					"raw": "http://localhost:8080/convert/10.5/metric/length",
					"protocol": "http",
					"host": [
						"localhost"
					],
					"port": "8080",
					"path": [
						"convert",
						"10.5",
						"metric",
						"length"
					]
				},
				"description": "Converts hectare to acres and in reverse"
			},
			"response": []
		},
		{
			"name": "Weight",
			"protocolProfileBehavior": {
				"disableBodyPruning": true
			},
			"request": {
				"method": "GET",
				"header": [
					{
						"key": "Authorization",
						"type": "text",
						"value": "Bearer eyJhbGciOiJIUzUxMiJ9.eyJzdWIiOiJyYXZpIiwiZXhwIjoxNjA3NTEyMTY5LCJpYXQiOjE2MDc1MDg1Njl9.J1JCtsX_bN7Sz3gDrN9VK38iRqHwcsaO3yTYJA_-OqEre7MeUjl_asmp0DX6KBkqKpUGOQK8SH_qj-d-5ZeRlQ Session eyJhbGciOiJIUzUxMiJ9.eyJzdWIiOiJyYXZpIiwiZXhwIjoxNjA3NTEyMTY5LCJpYXQiOjE2MDc1MDg1Njl9.J1JCtsX_bN7Sz3gDrN9VK38iRqHwcsaO3yTYJA_-OqEre7MeUjl_asmp0DX6KBkqKpUGOQK8SH_qj-d-5ZeRlQ"
					},
					{
						"key": "Cookie",
						"type": "text",
						"value": "eyJhbGciOiJIUzUxMiJ9.eyJzdWIiOiJ0cmV2IiwiZXhwIjoxNTk4ODY3MzA1LCJpYXQiOjE1OTg4NjcwMDV9.JZ-AnhbKPgGt9KTaysUcWR-8kMGBvCQ_c0CPkplIsVPqRVA1aXru54EP53zABEhSiPKNpKbGULpBZyi3ebc9Mw",
						"disabled": true
					},
					{
						"key": "Content-Type",
						"name": "Content-Type",
						"type": "text",
						"value": "application/json"
					}
				],
				"body": {
					"mode": "raw",
					"raw": "\n\t[\n\t\t\t\t\t\t\t\"+27727786946\"\n\t\t\t\t\t\t]\n"
				},
				"url": {
					"raw": "http://localhost:8080/convert/24/metric/weight",
					"protocol": "http",
					"host": [
						"localhost"
					],
					"port": "8080",
					"path": [
						"convert",
						"24",
						"metric",
						"weight"
					]
				},
				"description": "Converts Pounds to Kilogram or "
			},
			"response": []
		},
		{
			"name": "Liquid",
			"protocolProfileBehavior": {
				"disableBodyPruning": true
			},
			"request": {
				"method": "GET",
				"header": [
					{
						"key": "Authorization",
						"value": "Bearer eyJhbGciOiJIUzUxMiJ9.eyJzdWIiOiJyYXZpIiwiZXhwIjoxNjA3NTEyMTY5LCJpYXQiOjE2MDc1MDg1Njl9.J1JCtsX_bN7Sz3gDrN9VK38iRqHwcsaO3yTYJA_-OqEre7MeUjl_asmp0DX6KBkqKpUGOQK8SH_qj-d-5ZeRlQ Session eyJhbGciOiJIUzUxMiJ9.eyJzdWIiOiJyYXZpIiwiZXhwIjoxNjA3NTEyMTY5LCJpYXQiOjE2MDc1MDg1Njl9.J1JCtsX_bN7Sz3gDrN9VK38iRqHwcsaO3yTYJA_-OqEre7MeUjl_asmp0DX6KBkqKpUGOQK8SH_qj-d-5ZeRlQ",
						"type": "text"
					},
					{
						"key": "Cookie",
						"value": "eyJhbGciOiJIUzUxMiJ9.eyJzdWIiOiJ0cmV2IiwiZXhwIjoxNTk4ODY3MzA1LCJpYXQiOjE1OTg4NjcwMDV9.JZ-AnhbKPgGt9KTaysUcWR-8kMGBvCQ_c0CPkplIsVPqRVA1aXru54EP53zABEhSiPKNpKbGULpBZyi3ebc9Mw",
						"type": "text",
						"disabled": true
					},
					{
						"key": "Content-Type",
						"name": "Content-Type",
						"value": "application/json",
						"type": "text"
					}
				],
				"body": {
					"mode": "raw",
					"raw": "\n\t[\n\t\t\t\t\t\t\t\"+27727786946\"\n\t\t\t\t\t\t]\n"
				},
				"url": {
					"raw": "http://localhost:8080/convert/500/metric/liquid",
					"protocol": "http",
					"host": [
						"localhost"
					],
					"port": "8080",
					"path": [
						"convert",
						"500",
						"metric",
						"liquid"
					]
				},
				"description": "Converts from litres to Gallons"
			},
			"response": []
		},
		{
			"name": "Temperature",
			"protocolProfileBehavior": {
				"disableBodyPruning": true
			},
			"request": {
				"method": "GET",
				"header": [
					{
						"key": "Authorization",
						"type": "text",
						"value": "Bearer eyJhbGciOiJIUzUxMiJ9.eyJzdWIiOiJyYXZpIiwiZXhwIjoxNjA3NTEyMTY5LCJpYXQiOjE2MDc1MDg1Njl9.J1JCtsX_bN7Sz3gDrN9VK38iRqHwcsaO3yTYJA_-OqEre7MeUjl_asmp0DX6KBkqKpUGOQK8SH_qj-d-5ZeRlQ Session eyJhbGciOiJIUzUxMiJ9.eyJzdWIiOiJyYXZpIiwiZXhwIjoxNjA3NTEyMTY5LCJpYXQiOjE2MDc1MDg1Njl9.J1JCtsX_bN7Sz3gDrN9VK38iRqHwcsaO3yTYJA_-OqEre7MeUjl_asmp0DX6KBkqKpUGOQK8SH_qj-d-5ZeRlQ"
					},
					{
						"key": "Cookie",
						"type": "text",
						"value": "eyJhbGciOiJIUzUxMiJ9.eyJzdWIiOiJ0cmV2IiwiZXhwIjoxNTk4ODY3MzA1LCJpYXQiOjE1OTg4NjcwMDV9.JZ-AnhbKPgGt9KTaysUcWR-8kMGBvCQ_c0CPkplIsVPqRVA1aXru54EP53zABEhSiPKNpKbGULpBZyi3ebc9Mw",
						"disabled": true
					},
					{
						"key": "Content-Type",
						"name": "Content-Type",
						"type": "text",
						"value": "application/json"
					}
				],
				"body": {
					"mode": "raw",
					"raw": "\n\t[\n\t\t\t\t\t\t\t\"+27727786946\"\n\t\t\t\t\t\t]\n"
				},
				"url": {
					"raw": "http://localhost:8080/convert/54/imperial/temperature",
					"protocol": "http",
					"host": [
						"localhost"
					],
					"port": "8080",
					"path": [
						"convert",
						"54",
						"imperial",
						"temperature"
					]
				},
				"description": "Converts from Celsius to Fahrenheit "
			},
			"response": []
		},
		{
			"name": "Wrong measurement type",
			"protocolProfileBehavior": {
				"disableBodyPruning": true
			},
			"request": {
				"method": "GET",
				"header": [
					{
						"key": "Authorization",
						"type": "text",
						"value": "Bearer eyJhbGciOiJIUzUxMiJ9.eyJzdWIiOiJyYXZpIiwiZXhwIjoxNjA3NTEyMTY5LCJpYXQiOjE2MDc1MDg1Njl9.J1JCtsX_bN7Sz3gDrN9VK38iRqHwcsaO3yTYJA_-OqEre7MeUjl_asmp0DX6KBkqKpUGOQK8SH_qj-d-5ZeRlQ Session eyJhbGciOiJIUzUxMiJ9.eyJzdWIiOiJyYXZpIiwiZXhwIjoxNjA3NTEyMTY5LCJpYXQiOjE2MDc1MDg1Njl9.J1JCtsX_bN7Sz3gDrN9VK38iRqHwcsaO3yTYJA_-OqEre7MeUjl_asmp0DX6KBkqKpUGOQK8SH_qj-d-5ZeRlQ"
					},
					{
						"key": "Cookie",
						"type": "text",
						"value": "eyJhbGciOiJIUzUxMiJ9.eyJzdWIiOiJ0cmV2IiwiZXhwIjoxNTk4ODY3MzA1LCJpYXQiOjE1OTg4NjcwMDV9.JZ-AnhbKPgGt9KTaysUcWR-8kMGBvCQ_c0CPkplIsVPqRVA1aXru54EP53zABEhSiPKNpKbGULpBZyi3ebc9Mw",
						"disabled": true
					},
					{
						"key": "Content-Type",
						"name": "Content-Type",
						"type": "text",
						"value": "application/json"
					}
				],
				"body": {
					"mode": "raw",
					"raw": "\n\t[\n\t\t\t\t\t\t\t\"+27727786946\"\n\t\t\t\t\t\t]\n"
				},
				"url": {
					"raw": "http://localhost:8080/30/wrong_metric/area",
					"protocol": "http",
					"host": [
						"localhost"
					],
					"port": "8080",
					"path": [
						"30",
						"wrong_metric",
						"area"
					]
				},
				"description": "Wrong metric type is tested"
			},
			"response": []
		},
		{
			"name": "wrong measurement Type",
			"protocolProfileBehavior": {
				"disableBodyPruning": true
			},
			"request": {
				"method": "GET",
				"header": [
					{
						"key": "Authorization",
						"type": "text",
						"value": "Bearer eyJhbGciOiJIUzUxMiJ9.eyJzdWIiOiJyYXZpIiwiZXhwIjoxNjA3NTEyMTY5LCJpYXQiOjE2MDc1MDg1Njl9.J1JCtsX_bN7Sz3gDrN9VK38iRqHwcsaO3yTYJA_-OqEre7MeUjl_asmp0DX6KBkqKpUGOQK8SH_qj-d-5ZeRlQ Session eyJhbGciOiJIUzUxMiJ9.eyJzdWIiOiJyYXZpIiwiZXhwIjoxNjA3NTEyMTY5LCJpYXQiOjE2MDc1MDg1Njl9.J1JCtsX_bN7Sz3gDrN9VK38iRqHwcsaO3yTYJA_-OqEre7MeUjl_asmp0DX6KBkqKpUGOQK8SH_qj-d-5ZeRlQ"
					},
					{
						"key": "Cookie",
						"type": "text",
						"value": "eyJhbGciOiJIUzUxMiJ9.eyJzdWIiOiJ0cmV2IiwiZXhwIjoxNTk4ODY3MzA1LCJpYXQiOjE1OTg4NjcwMDV9.JZ-AnhbKPgGt9KTaysUcWR-8kMGBvCQ_c0CPkplIsVPqRVA1aXru54EP53zABEhSiPKNpKbGULpBZyi3ebc9Mw",
						"disabled": true
					},
					{
						"key": "Content-Type",
						"name": "Content-Type",
						"type": "text",
						"value": "application/json"
					}
				],
				"body": {
					"mode": "raw",
					"raw": "\n\t[\n\t\t\t\t\t\t\t\"+27727786946\"\n\t\t\t\t\t\t]\n"
				},
				"url": {
					"raw": "http://localhost:8080/25/metric/wrong_measurement",
					"protocol": "http",
					"host": [
						"localhost"
					],
					"port": "8080",
					"path": [
						"25",
						"metric",
						"wrong_measurement"
					]
				},
				"description": "wrong measurement Type"
			},
			"response": []
		}
	]
}